Name,Gender,City,Frequency,Item,Spends
Rajiv,F,Patna,Once,Juice,56
Aman,M,Bangalore,Weekly,Burger,83
Vikram,M,Pune,Daily,Ice Cream,71
Sneha,F,Chennai,Never,Samosa,76
Ishita,M,Patna,Weekly,Fries,16
Suri,F,Kolkata,Never,Chowmein,55
Tina,M,Chennai,Monthly,Burger,83
Aakash,F,Gurgaon,Weekly,Chowmein,22
Simran,M,Noida,Daily,Biryani,52
Rahul,M,Bangalore,Weekly,Chowmein,66
Tina,F,Chennai,Never,Pav Bhaji,21
Swati,M,Kolkata,Once,Fries,33
Rahul,M,Mumbai,Monthly,Tea,53
Suri,M,Bangalore,Never,Vada,32
Mukku,F,Bangalore,Daily,Vada,41
Pooja,M,Patna,Monthly,Vada,68
Tina,F,Noida,Monthly,Juice,5
Neha,M,Jaipur,Once,Vada,76
Ishita,F,Kolkata,Monthly,Pizza,67
Rahul,M,Bangalore,Once,Chowmein,89
Mukku,F,Mumbai,Weekly,Pizza,62
Pooja,M,Noida,Weekly,Pav Bhaji,79
Simran,F,Noida,Weekly,Tea,72
Tina,F,Jaipur,Monthly,Pizza,77
Anu,F,Mumbai,Once,Burger,49
Nitish,M,Patna,Once,Chowmein,14
Kiran,M,Gurgaon,Never,Pasta,65
Simran,F,Kolkata,Once,Chowmein,77
Ishita,M,Chennai,Daily,Vada,43
Aman,F,Pune,Once,Burger,34
Sneha,M,Jaipur,Monthly,Paneer,14
Kiran,F,Pune,Never,Tea,15
Sneha,M,Hyderabad,Monthly,Noodles,51
Rahul,F,Gurgaon,Monthly,Samosa,14
Nitish,M,Delhi,Monthly,Juice,16
Rahul,M,Patna,Never,Fries,5
Mukku,M,Kolkata,Daily,Coffee,35
Ravi,F,Mumbai,Daily,Samosa,69
Anu,M,Mumbai,Monthly,Momos,29
Swati,M,Hyderabad,Weekly,Biryani,42
Neha,F,Hyderabad,Monthly,Momos,81
Sneha,M,Kolkata,Never,Vada,23
Suri,M,Delhi,Monthly,Rolls,92
Ishita,M,Patna,Once,Samosa,62
Megha,M,Mumbai,Never,Coffee,96
Rajiv,M,Noida,Never,Sandwich,72
Megha,M,Delhi,Daily,Fries,25
Mukku,M,Hyderabad,Once,Samosa,61
Kiran,F,Delhi,Daily,Juice,29
Simran,M,Chennai,Weekly,Momos,92
Ravi,M,Kolkata,Never,Pasta,86
Rahul,F,Bangalore,Weekly,Biryani,51
Suri,F,Hyderabad,Once,Noodles,50
Tina,F,Mumbai,Weekly,Tea,66
Pooja,M,Kolkata,Monthly,Fries,17
Ravi,F,Jaipur,Weekly,Dosa,5
Suri,F,Gurgaon,Monthly,Sandwich,13
Pooja,F,Pune,Weekly,Tea,63
Tina,F,Kolkata,Weekly,Ice Cream,73
Nitish,M,Gurgaon,Monthly,Paneer,35
Suri,F,Noida,Monthly,Chowmein,89
Mukku,M,Noida,Weekly,Fries,79
Arjun,M,Noida,Daily,Chowmein,42
Suri,M,Gurgaon,Weekly,Dosa,60
Pooja,F,Patna,Daily,Biryani,82
Vikram,F,Kolkata,Once,Salad,84
Kiran,F,Chennai,Never,Fries,18
Mukku,F,Pune,Daily,Vada,51
Sneha,M,Gurgaon,Monthly,Salad,32
Sneha,F,Hyderabad,Weekly,Ice Cream,50
Kiran,F,Chennai,Daily,Salad,90
Ishita,F,Patna,Once,Burger,11
Suri,F,Gurgaon,Monthly,Ice Cream,9
Neha,M,Delhi,Daily,Pizza,20
Ravi,M,Noida,Never,Paneer,66
Ishita,F,Bangalore,Daily,Paneer,5
Aakash,M,Bangalore,Never,Pasta,38
Suri,M,Hyderabad,Monthly,Sandwich,65
Swati,M,Delhi,Weekly,Pizza,95
Aman,F,Delhi,Never,Burger,71
Anu,F,Chennai,Monthly,Noodles,93
Rajiv,F,Bangalore,Daily,Chowmein,56
Arjun,F,Mumbai,Monthly,Burger,20
Tina,F,Gurgaon,Monthly,Salad,62
Kiran,M,Delhi,Monthly,Salad,34
Ravi,M,Gurgaon,Never,Samosa,11
Aman,M,Jaipur,Once,Rolls,51
Ishita,F,Noida,Daily,Pav Bhaji,84
Kiran,F,Bangalore,Daily,Rolls,53
Aakash,F,Delhi,Once,Pasta,55
Kiran,M,Jaipur,Weekly,Coffee,8
Nitish,F,Hyderabad,Daily,Juice,43
Vikram,M,Kolkata,Monthly,Fries,31
Megha,F,Pune,Never,Rolls,39
Suri,F,Kolkata,Weekly,Fries,100
Arjun,M,Pune,Weekly,Noodles,55
Pooja,F,Delhi,Monthly,Burger,45
Ravi,F,Bangalore,Never,Samosa,72
Neha,F,Patna,Weekly,Samosa,59
Suri,M,Hyderabad,Daily,Dosa,43
Mukku,M,Kolkata,Weekly,Samosa,19
Nitish,F,Noida,Monthly,Pav Bhaji,20
Swati,M,Bangalore,Daily,Paneer,87
Mukku,M,Pune,Once,Burger,47
Rahul,M,Hyderabad,Monthly,Paneer,57
Rajiv,F,Gurgaon,Once,Tea,46
Sneha,M,Chennai,Never,Chowmein,78
Suri,F,Chennai,Weekly,Pav Bhaji,41
Neha,M,Mumbai,Once,Tea,86
Nitish,M,Jaipur,Weekly,Dosa,88
Nitish,M,Chennai,Daily,Momos,39
Anu,M,Patna,Weekly,Salad,55
Mukku,M,Patna,Once,Burger,73
Kiran,M,Mumbai,Monthly,Pasta,9
Aman,F,Noida,Daily,Vada,26
Ravi,F,Mumbai,Daily,Tea,82
Tina,F,Bangalore,Once,Pasta,26
Vikram,M,Chennai,Daily,Pav Bhaji,42
Pooja,F,Patna,Weekly,Vada,42
Rahul,M,Chennai,Weekly,Biryani,7
Simran,F,Chennai,Daily,Sandwich,76
Ravi,F,Bangalore,Never,Salad,79
Rahul,M,Jaipur,Monthly,Vada,70
Pooja,F,Kolkata,Weekly,Fries,65
Ishita,F,Patna,Monthly,Pizza,92
Anu,F,Delhi,Daily,Vada,10
Ishita,F,Kolkata,Never,Dosa,17
Vikram,F,Noida,Daily,Ice Cream,6
Suri,M,Patna,Monthly,Vada,90
Kiran,M,Gurgaon,Weekly,Momos,8
Aman,F,Mumbai,Once,Paneer,28
Simran,F,Mumbai,Monthly,Juice,60
Aman,F,Delhi,Weekly,Rolls,86
Neha,M,Bangalore,Never,Burger,65
Swati,F,Jaipur,Weekly,Pasta,42
Tina,M,Pune,Monthly,Paneer,40
Suri,M,Patna,Monthly,Chowmein,48
Megha,F,Jaipur,Once,Fries,87
Nitish,M,Noida,Once,Biryani,87
Suri,M,Mumbai,Weekly,Biryani,89
Sneha,F,Delhi,Never,Momos,71
Kiran,F,Gurgaon,Daily,Dosa,50
Arjun,F,Chennai,Never,Rolls,67
Suri,F,Chennai,Never,Pizza,38
Ravi,F,Mumbai,Once,Salad,91
Swati,M,Jaipur,Weekly,Noodles,23
Aakash,M,Noida,Weekly,Fries,15
Arjun,M,Bangalore,Weekly,Coffee,75
Neha,M,Jaipur,Weekly,Tea,60
Anu,F,Bangalore,Monthly,Juice,79
Swati,M,Bangalore,Daily,Coffee,43
Kiran,M,Patna,Monthly,Burger,61
Swati,M,Chennai,Daily,Coffee,57
Simran,M,Delhi,Daily,Tea,7
Nitish,F,Chennai,Monthly,Rolls,36
Megha,F,Mumbai,Weekly,Fries,50
Aakash,M,Bangalore,Weekly,Paneer,55
Tina,F,Hyderabad,Once,Burger,33
Suri,F,Mumbai,Never,Fries,55
Rahul,M,Mumbai,Never,Burger,47
Sneha,M,Noida,Once,Chowmein,74
Swati,F,Pune,Never,Burger,44
Aakash,M,Kolkata,Daily,Paneer,93
Anu,M,Noida,Monthly,Juice,92
Sneha,F,Kolkata,Weekly,Sandwich,83
Anu,M,Delhi,Monthly,Coffee,69
Aakash,M,Pune,Daily,Noodles,94
Sneha,F,Chennai,Never,Dosa,45
Arjun,M,Chennai,Monthly,Juice,21
Tina,M,Delhi,Weekly,Juice,87
Aman,M,Hyderabad,Once,Rolls,70
Ravi,F,Jaipur,Once,Sandwich,29
Aman,M,Pune,Daily,Salad,32
Simran,F,Chennai,Weekly,Sandwich,83
Anu,F,Patna,Daily,Sandwich,49
Vikram,M,Pune,Monthly,Tea,73
Megha,M,Patna,Daily,Coffee,53
Simran,M,Kolkata,Daily,Pizza,15
Suri,M,Chennai,Never,Biryani,86
Aakash,F,Jaipur,Weekly,Tea,6
Simran,F,Jaipur,Once,Vada,58
Nitish,F,Bangalore,Monthly,Noodles,94
Aman,F,Pune,Once,Tea,21
Aman,M,Pune,Once,Pav Bhaji,38
Megha,M,Mumbai,Weekly,Burger,65
Aakash,F,Chennai,Once,Vada,100
Kiran,M,Mumbai,Never,Dosa,47
Pooja,M,Jaipur,Never,Rolls,20
Vikram,M,Jaipur,Weekly,Coffee,45
Aakash,F,Noida,Daily,Chowmein,20
Simran,M,Mumbai,Daily,Tea,47
Aakash,M,Kolkata,Never,Juice,18
Swati,M,Gurgaon,Weekly,Salad,38
Aman,F,Patna,Monthly,Vada,8
Vikram,M,Bangalore,Never,Chowmein,43
Aman,M,Delhi,Once,Sandwich,31
Aman,M,Noida,Daily,Pav Bhaji,94
Anu,F,Gurgaon,Weekly,Paneer,62
Sneha,M,Hyderabad,Daily,Pasta,22
Aakash,M,Hyderabad,Never,Pizza,87
Arjun,M,Bangalore,Once,Rolls,23
Aakash,M,Noida,Monthly,Coffee,6
Kiran,F,Hyderabad,Monthly,Samosa,14
Aman,M,Pune,Weekly,Pav Bhaji,94
Rajiv,F,Kolkata,Monthly,Rolls,22
Arjun,M,Jaipur,Never,Rolls,99
Aakash,F,Bangalore,Daily,Juice,48
Swati,M,Pune,Daily,Burger,56
Megha,F,Noida,Daily,Ice Cream,31
Suri,F,Bangalore,Monthly,Paneer,65
Ravi,M,Hyderabad,Weekly,Coffee,23
Swati,M,Noida,Monthly,Momos,43
Aakash,F,Noida,Once,Biryani,72
Aakash,F,Patna,Once,Salad,72
Sneha,M,Bangalore,Never,Juice,42
Kiran,F,Mumbai,Daily,Sandwich,23
Aakash,M,Bangalore,Daily,Coffee,56
Sneha,M,Gurgaon,Weekly,Pasta,71
Megha,F,Pune,Weekly,Samosa,99
Mukku,M,Noida,Never,Biryani,45
Anu,F,Bangalore,Weekly,Momos,84
Suri,M,Pune,Never,Salad,43
Tina,F,Noida,Monthly,Pasta,5
Tina,M,Patna,Daily,Tea,65
Mukku,M,Chennai,Daily,Coffee,81
Aakash,F,Kolkata,Once,Pav Bhaji,55
Tina,M,Delhi,Never,Chowmein,50
Ravi,M,Patna,Monthly,Pav Bhaji,23
Megha,F,Noida,Weekly,Ice Cream,22
Rahul,M,Jaipur,Never,Salad,94
Vikram,M,Hyderabad,Daily,Noodles,75
Arjun,F,Delhi,Never,Chowmein,74
Neha,M,Mumbai,Once,Sandwich,99
Mukku,M,Noida,Monthly,Vada,8
Rahul,M,Mumbai,Once,Noodles,84
Mukku,F,Jaipur,Weekly,Ice Cream,57
Tina,F,Chennai,Once,Tea,77
Ravi,F,Hyderabad,Never,Sandwich,94
Rajiv,F,Jaipur,Weekly,Vada,53
Pooja,M,Pune,Once,Ice Cream,14
Simran,M,Patna,Daily,Pizza,54
Ishita,F,Noida,Monthly,Sandwich,56
Rajiv,M,Delhi,Daily,Momos,25
Ishita,F,Jaipur,Once,Pav Bhaji,23
Anu,F,Pune,Daily,Samosa,49
Rahul,F,Bangalore,Monthly,Vada,67
Tina,F,Mumbai,Never,Sandwich,30
Mukku,F,Mumbai,Weekly,Ice Cream,34
Neha,F,Chennai,Once,Burger,50
Anu,M,Pune,Daily,Coffee,73
Mukku,F,Delhi,Monthly,Juice,10
Vikram,M,Delhi,Daily,Coffee,8
Rajiv,F,Kolkata,Once,Sandwich,75
Simran,M,Jaipur,Never,Fries,52
Simran,F,Mumbai,Daily,Noodles,85
Rahul,F,Bangalore,Monthly,Pizza,63
Mukku,M,Chennai,Daily,Paneer,29
Kiran,F,Gurgaon,Monthly,Momos,65
Sneha,F,Kolkata,Daily,Pav Bhaji,51
Simran,F,Bangalore,Never,Pav Bhaji,77
Tina,M,Delhi,Never,Ice Cream,20
Suri,M,Hyderabad,Once,Biryani,23
Rahul,F,Gurgaon,Daily,Pizza,31
Suri,F,Delhi,Weekly,Vada,56
Anu,F,Noida,Monthly,Noodles,34
Vikram,M,Jaipur,Never,Pizza,18
Suri,M,Jaipur,Monthly,Fries,74
Ishita,M,Gurgaon,Never,Juice,92
Suri,F,Hyderabad,Never,Vada,99
Sneha,M,Mumbai,Weekly,Samosa,8
Tina,F,Gurgaon,Never,Noodles,35
Ravi,F,Jaipur,Weekly,Paneer,54
Aakash,M,Gurgaon,Daily,Paneer,99
Kiran,F,Chennai,Daily,Samosa,6
Arjun,M,Chennai,Daily,Pizza,41
Simran,F,Delhi,Never,Rolls,72
Aman,M,Gurgaon,Never,Sandwich,49
Aakash,F,Hyderabad,Weekly,Noodles,60
Ravi,M,Delhi,Once,Biryani,94
Tina,M,Jaipur,Daily,Vada,16
Megha,F,Bangalore,Never,Noodles,61
Neha,M,Chennai,Daily,Ice Cream,24
Rajiv,F,Pune,Once,Sandwich,47
Aakash,F,Patna,Monthly,Paneer,19
Tina,M,Pune,Weekly,Fries,54
Aman,M,Hyderabad,Once,Pasta,16
Arjun,M,Kolkata,Daily,Tea,44
Ravi,M,Delhi,Monthly,Fries,69
Neha,F,Patna,Never,Salad,100
Sneha,F,Noida,Once,Momos,29
Tina,M,Pune,Once,Pizza,55
Kiran,F,Gurgaon,Weekly,Dosa,49
Simran,M,Delhi,Monthly,Burger,70
Neha,F,Mumbai,Monthly,Samosa,35
Neha,M,Jaipur,Daily,Ice Cream,97
Aakash,F,Jaipur,Once,Tea,82
Swati,M,Pune,Weekly,Dosa,62
Arjun,M,Mumbai,Once,Biryani,94
Nitish,M,Bangalore,Once,Pav Bhaji,20
Suri,M,Chennai,Never,Juice,31
Nitish,M,Pune,Never,Pav Bhaji,16
Aman,F,Mumbai,Daily,Paneer,76
Anu,M,Noida,Monthly,Tea,51
Megha,M,Kolkata,Once,Biryani,58
Vikram,M,Gurgaon,Once,Ice Cream,28
Aman,M,Jaipur,Monthly,Pizza,95
Aakash,M,Patna,Monthly,Momos,21
Kiran,F,Chennai,Weekly,Samosa,90
Aman,M,Noida,Weekly,Salad,12
Mukku,M,Jaipur,Daily,Biryani,36
Megha,F,Hyderabad,Monthly,Fries,57
Kiran,M,Noida,Once,Dosa,16
Ishita,F,Jaipur,Daily,Biryani,73
Simran,F,Mumbai,Never,Biryani,13
Kiran,F,Noida,Daily,Sandwich,13
Ishita,F,Gurgaon,Daily,Paneer,32
Neha,F,Mumbai,Never,Fries,72
Mukku,F,Delhi,Daily,Samosa,39
Simran,F,Noida,Never,Sandwich,30
Nitish,F,Kolkata,Weekly,Noodles,98
Tina,F,Gurgaon,Daily,Dosa,88
Neha,F,Kolkata,Weekly,Pav Bhaji,89
Aakash,M,Jaipur,Never,Momos,27
Anu,F,Delhi,Weekly,Dosa,61
Simran,M,Patna,Daily,Salad,79
Ravi,M,Jaipur,Monthly,Fries,97
Simran,M,Bangalore,Monthly,Samosa,59
Megha,F,Patna,Once,Tea,23
Nitish,M,Delhi,Monthly,Juice,7
Megha,M,Gurgaon,Monthly,Salad,54
Aman,M,Gurgaon,Weekly,Noodles,19
Swati,M,Noida,Monthly,Samosa,26
Swati,M,Mumbai,Once,Paneer,85
Arjun,F,Kolkata,Once,Burger,96
Aakash,M,Kolkata,Once,Tea,9
Rajiv,M,Delhi,Daily,Burger,5
Neha,M,Kolkata,Weekly,Pasta,22
Simran,M,Jaipur,Daily,Salad,52
Anu,F,Noida,Monthly,Ice Cream,36
Megha,M,Bangalore,Monthly,Rolls,21
Ishita,F,Chennai,Daily,Coffee,46
Mukku,M,Noida,Once,Juice,37
Swati,F,Bangalore,Weekly,Juice,90
Aakash,M,Gurgaon,Never,Biryani,20
Sneha,M,Patna,Daily,Pizza,27
Aakash,M,Delhi,Once,Coffee,25
Pooja,F,Hyderabad,Once,Momos,70
Rajiv,M,Noida,Monthly,Rolls,77
Megha,F,Pune,Never,Biryani,78
Swati,M,Bangalore,Daily,Salad,43
Swati,F,Noida,Monthly,Pizza,44
Ravi,M,Chennai,Once,Rolls,75
Rahul,M,Bangalore,Never,Burger,39
Neha,M,Bangalore,Monthly,Tea,6
Pooja,F,Gurgaon,Monthly,Pasta,46
Rahul,F,Gurgaon,Weekly,Momos,31
Vikram,M,Noida,Daily,Noodles,99
Swati,F,Pune,Once,Coffee,40
Sneha,M,Kolkata,Once,Coffee,67
Aakash,M,Hyderabad,Once,Biryani,44
Neha,F,Pune,Monthly,Samosa,100
Rahul,F,Bangalore,Monthly,Ice Cream,58
Swati,F,Jaipur,Once,Dosa,99
Vikram,M,Delhi,Monthly,Vada,32
Suri,F,Bangalore,Never,Noodles,57
Ishita,M,Mumbai,Monthly,Rolls,24
Suri,M,Mumbai,Daily,Fries,20
Rajiv,M,Jaipur,Weekly,Fries,25
Anu,M,Patna,Daily,Pav Bhaji,89
Vikram,F,Mumbai,Once,Noodles,98
Ishita,M,Chennai,Never,Paneer,33
Rahul,F,Gurgaon,Daily,Paneer,49
Vikram,F,Pune,Once,Noodles,7
Swati,M,Noida,Never,Ice Cream,80
Anu,M,Bangalore,Never,Pav Bhaji,7
Rajiv,F,Patna,Once,Juice,68
Neha,M,Mumbai,Daily,Dosa,53
Rahul,F,Pune,Never,Chowmein,90
Aman,M,Jaipur,Daily,Sandwich,81
Suri,F,Pune,Weekly,Juice,19
Swati,M,Mumbai,Daily,Samosa,85
Aman,F,Mumbai,Monthly,Noodles,11
Megha,M,Mumbai,Once,Biryani,46
Mukku,M,Pune,Weekly,Momos,49
Suri,F,Noida,Daily,Pav Bhaji,80
Suri,F,Pune,Never,Momos,96
Sneha,F,Mumbai,Once,Coffee,62
Tina,M,Kolkata,Daily,Pasta,35
Swati,F,Delhi,Never,Coffee,11
Simran,F,Jaipur,Weekly,Samosa,55
Ishita,M,Pune,Weekly,Salad,82
Rajiv,M,Pune,Monthly,Fries,54
Anu,F,Hyderabad,Once,Samosa,5
Anu,F,Pune,Daily,Chowmein,41
Swati,M,Chennai,Daily,Vada,74
Rahul,F,Delhi,Never,Burger,8
Neha,M,Patna,Never,Sandwich,46
Nitish,M,Bangalore,Daily,Biryani,31
Aakash,F,Mumbai,Monthly,Tea,46
Simran,M,Gurgaon,Daily,Pasta,92
Arjun,M,Noida,Monthly,Sandwich,41
Tina,F,Mumbai,Daily,Samosa,92
Aman,M,Jaipur,Monthly,Pasta,89
Ishita,M,Pune,Weekly,Paneer,5
Kiran,M,Chennai,Weekly,Dosa,30
Simran,F,Chennai,Once,Juice,44
Aakash,F,Chennai,Daily,Chowmein,30
Nitish,F,Jaipur,Monthly,Pav Bhaji,24
Tina,F,Hyderabad,Weekly,Salad,20
Mukku,F,Delhi,Never,Rolls,67
Ishita,F,Delhi,Never,Vada,54
Arjun,F,Pune,Weekly,Noodles,70
Sneha,F,Patna,Monthly,Fries,75
Rahul,M,Chennai,Daily,Rolls,33
Suri,M,Chennai,Once,Salad,24
Suri,F,Noida,Monthly,Samosa,30
Swati,F,Hyderabad,Once,Noodles,54
Megha,M,Pune,Monthly,Momos,44
Arjun,F,Noida,Monthly,Samosa,21
Aakash,M,Patna,Once,Salad,40
Kiran,F,Gurgaon,Monthly,Tea,92
Sneha,F,Patna,Once,Dosa,87
Aman,F,Hyderabad,Daily,Sandwich,52
Mukku,M,Gurgaon,Never,Rolls,69
Rahul,M,Patna,Daily,Ice Cream,82
Rahul,M,Bangalore,Monthly,Rolls,67
Anu,M,Kolkata,Daily,Momos,65
Sneha,M,Gurgaon,Never,Pasta,91
Tina,F,Chennai,Once,Coffee,66
Neha,M,Chennai,Daily,Momos,69
Vikram,M,Kolkata,Monthly,Coffee,94
Sneha,M,Delhi,Weekly,Coffee,100
Aakash,M,Chennai,Once,Juice,90
Ravi,F,Kolkata,Once,Tea,45
Aakash,M,Jaipur,Monthly,Biryani,45
Vikram,F,Hyderabad,Daily,Chowmein,97
Simran,M,Gurgaon,Never,Momos,46
Kiran,M,Pune,Once,Pav Bhaji,97
Ishita,M,Chennai,Once,Ice Cream,16
Nitish,F,Mumbai,Weekly,Pav Bhaji,49
Megha,F,Gurgaon,Monthly,Noodles,9
Mukku,F,Hyderabad,Daily,Momos,26
Kiran,F,Bangalore,Daily,Dosa,31
Aakash,M,Hyderabad,Weekly,Ice Cream,16
Sneha,M,Bangalore,Daily,Pav Bhaji,98
Tina,F,Mumbai,Monthly,Ice Cream,98
Suri,M,Delhi,Never,Chowmein,29
Mukku,M,Pune,Monthly,Burger,90
Simran,F,Patna,Weekly,Pizza,17
Mukku,F,Jaipur,Monthly,Noodles,32
Neha,F,Delhi,Daily,Tea,41
Aman,M,Noida,Daily,Dosa,86
Ishita,F,Hyderabad,Once,Pasta,39
Vikram,M,Kolkata,Never,Salad,12
Neha,F,Patna,Monthly,Noodles,8
Tina,F,Bangalore,Weekly,Salad,62
Ravi,F,Mumbai,Weekly,Ice Cream,45
Anu,M,Gurgaon,Monthly,Vada,55
Aakash,M,Chennai,Once,Rolls,71
Simran,F,Chennai,Never,Paneer,54
Megha,F,Chennai,Daily,Chowmein,88
Rajiv,M,Pune,Monthly,Fries,47
Neha,M,Chennai,Daily,Paneer,37
Rahul,F,Mumbai,Daily,Salad,28
Pooja,M,Bangalore,Daily,Juice,48
Nitish,F,Noida,Weekly,Momos,87
Rajiv,F,Delhi,Never,Juice,9
Swati,M,Patna,Daily,Pizza,42
Nitish,M,Gurgaon,Monthly,Paneer,83
Arjun,M,Patna,Daily,Rolls,41
Tina,M,Hyderabad,Never,Vada,91
Aakash,F,Mumbai,Never,Burger,13
Aman,F,Kolkata,Never,Samosa,71
Vikram,M,Patna,Never,Pizza,76
Arjun,F,Noida,Weekly,Pizza,39
Mukku,M,Noida,Daily,Pav Bhaji,51
Arjun,M,Kolkata,Weekly,Salad,87
Rajiv,M,Kolkata,Monthly,Rolls,21
Kiran,M,Hyderabad,Once,Burger,94
Ishita,F,Bangalore,Never,Ice Cream,39
Rahul,F,Jaipur,Never,Burger,40
Rahul,M,Delhi,Once,Pizza,82
Swati,F,Hyderabad,Weekly,Noodles,21
Neha,M,Chennai,Once,Salad,37
Swati,F,Mumbai,Once,Samosa,29
Neha,F,Jaipur,Never,Sandwich,68
Tina,F,Hyderabad,Daily,Noodles,21
Neha,M,Kolkata,Monthly,Juice,54
Ishita,M,Gurgaon,Daily,Paneer,73
Neha,F,Pune,Weekly,Paneer,87
Swati,F,Chennai,Never,Chowmein,15
Suri,F,Chennai,Daily,Paneer,16
Tina,M,Gurgaon,Weekly,Burger,44
Ravi,M,Jaipur,Weekly,Noodles,36
Aakash,M,Pune,Never,Fries,100
Arjun,M,Pune,Weekly,Pav Bhaji,33
Megha,M,Chennai,Once,Pav Bhaji,30
Tina,F,Mumbai,Monthly,Noodles,47
Neha,M,Hyderabad,Monthly,Momos,66
Simran,F,Chennai,Monthly,Noodles,58
Simran,F,Chennai,Monthly,Chowmein,31
Vikram,M,Pune,Weekly,Fries,65
Vikram,M,Bangalore,Never,Pav Bhaji,90
Ravi,F,Pune,Monthly,Chowmein,65
Arjun,M,Jaipur,Once,Fries,50
Suri,M,Delhi,Daily,Noodles,90
Ravi,F,Delhi,Daily,Pasta,69
Kiran,M,Kolkata,Once,Coffee,24
Ishita,F,Pune,Monthly,Momos,48
Ishita,M,Chennai,Never,Rolls,69
Anu,M,Kolkata,Never,Vada,81
Kiran,F,Hyderabad,Never,Vada,77
Swati,M,Kolkata,Monthly,Salad,98
Rajiv,M,Pune,Weekly,Coffee,21
Megha,M,Jaipur,Weekly,Rolls,68
Nitish,F,Jaipur,Once,Fries,42
Neha,M,Chennai,Weekly,Fries,15
Rahul,M,Delhi,Never,Chowmein,71
Ravi,M,Delhi,Once,Salad,79
Ravi,M,Chennai,Monthly,Paneer,89
Nitish,M,Gurgaon,Once,Pizza,25
Rahul,F,Noida,Monthly,Sandwich,16
Ravi,F,Mumbai,Once,Dosa,86
Anu,F,Patna,Monthly,Fries,16
Simran,F,Noida,Daily,Dosa,14
Swati,M,Pune,Once,Pizza,14
Vikram,M,Jaipur,Monthly,Rolls,58
Rajiv,F,Jaipur,Monthly,Burger,42
Aman,M,Noida,Never,Vada,10
Megha,F,Hyderabad,Daily,Fries,76
Kiran,F,Kolkata,Daily,Momos,97
Ishita,F,Chennai,Monthly,Paneer,33
Pooja,M,Patna,Never,Paneer,61
Arjun,F,Pune,Once,Rolls,32
Rajiv,M,Bangalore,Daily,Ice Cream,30
Aman,M,Pune,Weekly,Burger,46
Suri,F,Kolkata,Once,Rolls,21
Aakash,M,Delhi,Once,Samosa,10
Nitish,M,Pune,Once,Biryani,94
Neha,F,Patna,Monthly,Biryani,81
Aakash,F,Hyderabad,Monthly,Pav Bhaji,40
Neha,F,Chennai,Once,Pizza,15
Aman,F,Gurgaon,Monthly,Paneer,71
Ravi,M,Bangalore,Monthly,Paneer,37
Vikram,M,Kolkata,Never,Pav Bhaji,16
Swati,F,Delhi,Never,Pasta,49
Rajiv,M,Hyderabad,Monthly,Vada,80
Aman,M,Patna,Daily,Tea,91
Sneha,F,Kolkata,Never,Coffee,25
Vikram,M,Delhi,Daily,Juice,57
Arjun,M,Pune,Once,Dosa,96
Nitish,F,Kolkata,Monthly,Samosa,23
Simran,F,Chennai,Daily,Fries,53
Vikram,M,Mumbai,Monthly,Biryani,29
Suri,M,Bangalore,Daily,Biryani,43
Arjun,F,Bangalore,Once,Dosa,20
Ravi,M,Kolkata,Daily,Coffee,48
Tina,M,Pune,Never,Biryani,97
Simran,F,Kolkata,Once,Fries,57
Mukku,M,Chennai,Daily,Coffee,45
Aman,M,Delhi,Monthly,Samosa,79
Neha,F,Noida,Monthly,Pasta,20
Ishita,F,Bangalore,Weekly,Ice Cream,29
Aakash,F,Bangalore,Never,Burger,58
Megha,F,Jaipur,Daily,Salad,63
Mukku,M,Delhi,Never,Vada,91
Aakash,F,Mumbai,Once,Ice Cream,67
Suri,F,Pune,Monthly,Burger,16
Sneha,M,Delhi,Monthly,Pizza,90
Ishita,F,Hyderabad,Weekly,Pasta,71
Tina,M,Delhi,Weekly,Biryani,82
Anu,M,Pune,Monthly,Noodles,48
Kiran,F,Noida,Weekly,Coffee,51
Rahul,F,Delhi,Weekly,Biryani,80
Rajiv,M,Noida,Never,Coffee,65
Tina,F,Patna,Weekly,Samosa,55
Vikram,F,Mumbai,Weekly,Ice Cream,54
Aman,M,Mumbai,Never,Paneer,20
Ishita,M,Chennai,Weekly,Dosa,31
Sneha,M,Bangalore,Never,Pizza,27
Ishita,F,Pune,Never,Fries,89
Pooja,M,Chennai,Once,Dosa,43
Suri,M,Hyderabad,Weekly,Pizza,69
Simran,F,Hyderabad,Never,Paneer,27
Nitish,F,Chennai,Once,Tea,90
Arjun,F,Delhi,Weekly,Dosa,47
Swati,F,Noida,Weekly,Ice Cream,80
Anu,M,Bangalore,Monthly,Pizza,24
Tina,M,Patna,Weekly,Biryani,10
Rahul,F,Pune,Never,Burger,88
Sneha,F,Kolkata,Monthly,Dosa,17
Suri,M,Noida,Once,Samosa,19
Pooja,F,Kolkata,Never,Burger,71
Megha,M,Noida,Weekly,Juice,14
Anu,F,Noida,Once,Rolls,67
Arjun,F,Gurgaon,Once,Juice,33
Ishita,M,Bangalore,Once,Coffee,99
Ravi,M,Gurgaon,Once,Juice,46
Mukku,M,Jaipur,Once,Salad,92
Tina,F,Hyderabad,Weekly,Ice Cream,45
Vikram,F,Bangalore,Never,Fries,72
Vikram,F,Bangalore,Once,Salad,6
Ishita,M,Bangalore,Monthly,Salad,72
Anu,M,Bangalore,Never,Samosa,89
Mukku,F,Gurgaon,Never,Vada,97
Vikram,M,Patna,Never,Biryani,14
Vikram,F,Pune,Once,Pav Bhaji,82
Arjun,M,Patna,Monthly,Pizza,35
Suri,F,Pune,Never,Juice,52
Ishita,F,Jaipur,Monthly,Salad,8
Arjun,F,Mumbai,Never,Noodles,88
Ishita,M,Delhi,Once,Juice,90
Vikram,M,Pune,Daily,Biryani,62
Megha,M,Jaipur,Daily,Chowmein,25
Aman,M,Kolkata,Weekly,Dosa,98
Anu,F,Kolkata,Once,Coffee,56
Arjun,F,Delhi,Monthly,Biryani,34
Neha,F,Kolkata,Weekly,Salad,83
Anu,M,Gurgaon,Monthly,Juice,12
Ravi,F,Delhi,Once,Dosa,94
Megha,F,Jaipur,Monthly,Momos,72
Pooja,M,Delhi,Monthly,Coffee,36
Swati,F,Pune,Never,Pasta,61
Nitish,M,Mumbai,Daily,Samosa,96
Sneha,F,Chennai,Weekly,Fries,94
Megha,F,Kolkata,Never,Tea,59
Aakash,M,Kolkata,Weekly,Dosa,6
Arjun,M,Patna,Daily,Samosa,6
Vikram,F,Patna,Monthly,Paneer,69
Mukku,F,Mumbai,Daily,Vada,41
Tina,M,Jaipur,Weekly,Burger,74
Arjun,F,Pune,Monthly,Vada,66
Arjun,F,Bangalore,Weekly,Ice Cream,39
Simran,M,Jaipur,Monthly,Juice,50
Nitish,F,Hyderabad,Daily,Coffee,98
Nitish,M,Delhi,Monthly,Vada,22
Rahul,F,Hyderabad,Weekly,Fries,64
Rahul,F,Noida,Daily,Coffee,36
Simran,M,Delhi,Never,Fries,28
Sneha,F,Noida,Monthly,Juice,65
Neha,F,Jaipur,Once,Vada,54
Anu,M,Mumbai,Daily,Rolls,9
Ravi,F,Gurgaon,Daily,Rolls,60
Ravi,F,Hyderabad,Weekly,Coffee,38
Ravi,M,Delhi,Daily,Biryani,31
Simran,F,Jaipur,Weekly,Tea,32
Ravi,F,Patna,Monthly,Tea,100
Ishita,F,Patna,Daily,Dosa,91
Vikram,F,Gurgaon,Daily,Vada,86
Rajiv,F,Chennai,Weekly,Coffee,25
Simran,M,Hyderabad,Weekly,Dosa,83
Pooja,M,Noida,Monthly,Momos,15
Nitish,M,Hyderabad,Never,Salad,19
Nitish,F,Delhi,Once,Rolls,41
Arjun,M,Noida,Weekly,Pizza,27
Tina,M,Mumbai,Once,Ice Cream,24
Kiran,F,Gurgaon,Weekly,Rolls,17
Arjun,F,Kolkata,Weekly,Salad,40
Nitish,M,Mumbai,Weekly,Tea,95
Tina,F,Hyderabad,Never,Biryani,65
Suri,M,Gurgaon,Once,Pasta,57
Neha,M,Delhi,Weekly,Salad,79
Mukku,M,Mumbai,Once,Biryani,10
Simran,M,Patna,Weekly,Vada,55
Vikram,F,Bangalore,Daily,Pizza,7
Nitish,F,Noida,Once,Pasta,61
Simran,F,Noida,Daily,Burger,83
Rajiv,M,Pune,Once,Fries,62
Arjun,M,Kolkata,Monthly,Rolls,47
Ravi,M,Chennai,Weekly,Coffee,82
Mukku,M,Pune,Never,Dosa,87
Aman,F,Patna,Once,Ice Cream,25
Suri,F,Gurgaon,Weekly,Dosa,36
Mukku,M,Gurgaon,Once,Samosa,6
Rahul,F,Delhi,Monthly,Tea,63
Simran,F,Noida,Daily,Dosa,21
Rahul,F,Patna,Weekly,Rolls,99
Mukku,F,Bangalore,Never,Noodles,99
Sneha,F,Hyderabad,Once,Sandwich,94
Mukku,M,Noida,Daily,Fries,15
Rajiv,F,Bangalore,Weekly,Vada,16
Anu,F,Jaipur,Monthly,Samosa,48
Ishita,M,Hyderabad,Once,Pizza,75
Aakash,M,Hyderabad,Once,Momos,24
Sneha,F,Delhi,Weekly,Ice Cream,83
Swati,F,Bangalore,Monthly,Fries,93
Ravi,M,Hyderabad,Weekly,Burger,53
Tina,F,Mumbai,Weekly,Ice Cream,24
Anu,F,Noida,Never,Vada,69
Aman,M,Pune,Never,Biryani,9
Sneha,F,Hyderabad,Once,Momos,27
Pooja,F,Chennai,Never,Fries,67
Sneha,F,Patna,Daily,Momos,31
Kiran,F,Gurgaon,Monthly,Vada,88
Aakash,F,Mumbai,Weekly,Pizza,53
Swati,F,Jaipur,Monthly,Dosa,59
Neha,F,Noida,Once,Ice Cream,10
Vikram,M,Jaipur,Never,Coffee,82
Ishita,M,Jaipur,Daily,Paneer,42
Pooja,F,Pune,Never,Noodles,54
Neha,M,Hyderabad,Once,Noodles,20
Aakash,M,Jaipur,Never,Vada,26
Rajiv,M,Delhi,Once,Pizza,97
Arjun,F,Mumbai,Daily,Dosa,85
Pooja,M,Gurgaon,Daily,Samosa,26
Kiran,M,Chennai,Never,Pav Bhaji,59
Ravi,F,Delhi,Never,Momos,33
Suri,F,Bangalore,Once,Sandwich,8
Mukku,M,Hyderabad,Once,Samosa,69
Kiran,F,Mumbai,Never,Pav Bhaji,69
Sneha,M,Pune,Monthly,Pav Bhaji,97
Aman,M,Hyderabad,Once,Vada,24
Swati,F,Mumbai,Monthly,Tea,64
Mukku,M,Chennai,Daily,Chowmein,22
Suri,F,Gurgaon,Monthly,Momos,27
Ravi,F,Patna,Weekly,Pasta,91
Kiran,F,Chennai,Weekly,Salad,5
Kiran,M,Hyderabad,Once,Burger,26
Megha,M,Delhi,Daily,Pasta,96
Rajiv,M,Hyderabad,Daily,Vada,57
Rajiv,M,Bangalore,Daily,Coffee,45
Megha,M,Gurgaon,Daily,Ice Cream,85
Kiran,M,Gurgaon,Once,Pav Bhaji,37
Arjun,F,Mumbai,Daily,Ice Cream,26
Ishita,F,Jaipur,Daily,Dosa,89
Anu,F,Delhi,Daily,Noodles,67
Rajiv,F,Gurgaon,Weekly,Coffee,24
Rahul,F,Delhi,Once,Samosa,99
Megha,M,Jaipur,Daily,Momos,93
Rajiv,M,Patna,Once,Vada,74
Rahul,M,Chennai,Monthly,Paneer,48
Tina,F,Pune,Weekly,Salad,25
Sneha,M,Gurgaon,Monthly,Chowmein,82
Kiran,M,Jaipur,Monthly,Tea,45
Sneha,F,Gurgaon,Once,Sandwich,14
Arjun,M,Kolkata,Never,Vada,77
Mukku,M,Jaipur,Never,Fries,93
Swati,M,Gurgaon,Weekly,Chowmein,5
Pooja,F,Patna,Daily,Chowmein,34
Simran,F,Pune,Never,Pav Bhaji,79
Sneha,F,Hyderabad,Daily,Samosa,39
Neha,F,Noida,Monthly,Chowmein,71
Ravi,F,Patna,Monthly,Pizza,45
Pooja,M,Kolkata,Once,Paneer,16
Megha,F,Gurgaon,Never,Tea,79
Pooja,F,Bangalore,Monthly,Coffee,22
Sneha,F,Chennai,Monthly,Juice,5
Anu,F,Jaipur,Once,Pizza,43
Anu,M,Noida,Monthly,Dosa,10
Anu,F,Noida,Weekly,Juice,49
Tina,M,Patna,Once,Salad,70
Ravi,M,Noida,Once,Tea,16
Kiran,F,Hyderabad,Once,Burger,85
Arjun,M,Pune,Daily,Salad,41
Aakash,F,Patna,Daily,Dosa,33
Nitish,F,Pune,Monthly,Juice,78
Aman,F,Bangalore,Daily,Samosa,94
Aakash,F,Kolkata,Never,Coffee,53
Aakash,M,Gurgaon,Never,Juice,25
Arjun,F,Noida,Monthly,Fries,68
Suri,M,Jaipur,Never,Momos,88
Rajiv,M,Chennai,Weekly,Noodles,40
Ravi,F,Chennai,Daily,Chowmein,67
Arjun,F,Patna,Never,Noodles,15
Simran,F,Delhi,Once,Chowmein,5
Suri,F,Bangalore,Daily,Biryani,99
Megha,F,Jaipur,Once,Samosa,51
Rahul,M,Gurgaon,Monthly,Vada,35
Anu,F,Pune,Weekly,Paneer,48
Swati,M,Mumbai,Weekly,Tea,98
Neha,F,Patna,Daily,Ice Cream,72
Tina,M,Chennai,Once,Momos,84
Ravi,F,Hyderabad,Once,Rolls,22
Neha,M,Mumbai,Never,Ice Cream,68
Vikram,F,Jaipur,Daily,Pav Bhaji,37
Arjun,M,Jaipur,Daily,Sandwich,23
Sneha,M,Bangalore,Once,Dosa,71
Tina,F,Chennai,Monthly,Burger,65
Simran,M,Delhi,Daily,Fries,93
Anu,M,Kolkata,Monthly,Chowmein,39
Suri,M,Noida,Once,Momos,37
Aakash,F,Mumbai,Daily,Pizza,43
Neha,M,Hyderabad,Weekly,Juice,32
Tina,M,Mumbai,Weekly,Biryani,79
Vikram,M,Delhi,Daily,Salad,89
Mukku,F,Pune,Weekly,Salad,20
Simran,M,Bangalore,Never,Tea,14
Megha,M,Patna,Once,Noodles,91
Kiran,M,Jaipur,Daily,Burger,10
Nitish,F,Chennai,Weekly,Coffee,67
Kiran,M,Pune,Never,Pav Bhaji,31
Mukku,M,Delhi,Daily,Rolls,73
Rajiv,F,Gurgaon,Weekly,Burger,22
Rahul,F,Chennai,Never,Rolls,80
Suri,F,Noida,Daily,Fries,88
Suri,M,Kolkata,Once,Dosa,17
Rahul,F,Chennai,Never,Paneer,82
Anu,M,Delhi,Once,Sandwich,7
Ravi,F,Kolkata,Monthly,Salad,87
Aman,M,Hyderabad,Monthly,Ice Cream,28
Arjun,F,Kolkata,Monthly,Coffee,67
Aakash,M,Mumbai,Once,Tea,31
Kiran,F,Pune,Monthly,Rolls,30
Arjun,F,Bangalore,Never,Vada,62
Kiran,F,Gurgaon,Weekly,Ice Cream,19
Suri,F,Mumbai,Once,Sandwich,92
Sneha,F,Gurgaon,Once,Coffee,94
Nitish,M,Hyderabad,Monthly,Juice,22
Ishita,F,Bangalore,Never,Coffee,43
Simran,M,Delhi,Daily,Dosa,95
Sneha,M,Chennai,Daily,Pasta,25
Swati,F,Delhi,Daily,Burger,69
Pooja,M,Gurgaon,Once,Tea,5
Arjun,M,Mumbai,Weekly,Vada,22
Pooja,F,Gurgaon,Monthly,Chowmein,65
Pooja,M,Chennai,Once,Sandwich,57
Rajiv,F,Hyderabad,Weekly,Paneer,62
Mukku,M,Pune,Daily,Dosa,98
Megha,F,Kolkata,Daily,Fries,42
Aman,F,Kolkata,Weekly,Sandwich,78
Neha,F,Delhi,Weekly,Sandwich,44
Mukku,F,Gurgaon,Daily,Paneer,82
Simran,M,Chennai,Daily,Vada,68
Ravi,F,Gurgaon,Weekly,Burger,35
Megha,F,Hyderabad,Daily,Tea,13
Aman,M,Gurgaon,Never,Coffee,65
Arjun,F,Patna,Weekly,Dosa,82
Simran,M,Delhi,Weekly,Fries,76
Ravi,M,Jaipur,Once,Biryani,49
Arjun,M,Jaipur,Once,Dosa,34
Rahul,F,Chennai,Daily,Fries,76
Ravi,F,Pune,Monthly,Noodles,50
Pooja,M,Pune,Weekly,Chowmein,61
Tina,M,Jaipur,Once,Juice,98
Kiran,F,Pune,Never,Pizza,11
Aman,F,Gurgaon,Once,Pizza,38
Pooja,M,Patna,Weekly,Vada,15
Pooja,F,Kolkata,Monthly,Vada,79
Neha,M,Pune,Daily,Burger,61
Megha,M,Jaipur,Once,Vada,82
Tina,F,Noida,Daily,Tea,9
Anu,F,Pune,Weekly,Pasta,96
Megha,F,Mumbai,Daily,Biryani,54
Rahul,M,Delhi,Once,Ice Cream,5
Aman,M,Jaipur,Once,Pizza,90
Tina,M,Hyderabad,Weekly,Salad,94
Suri,F,Chennai,Daily,Paneer,88
Pooja,F,Mumbai,Never,Chowmein,15
Rajiv,F,Gurgaon,Daily,Rolls,35
Rajiv,M,Noida,Weekly,Dosa,33
Suri,F,Noida,Never,Samosa,78
Kiran,F,Mumbai,Never,Pasta,39
Tina,F,Patna,Daily,Pizza,75
Simran,F,Mumbai,Daily,Pasta,91
Vikram,M,Bangalore,Weekly,Dosa,85
Rajiv,F,Delhi,Weekly,Pizza,42
Neha,M,Hyderabad,Monthly,Momos,21
Rahul,M,Delhi,Monthly,Biryani,25
Megha,M,Jaipur,Daily,Noodles,61
Simran,F,Chennai,Weekly,Vada,25
Ravi,F,Jaipur,Once,Pav Bhaji,20
Anu,M,Gurgaon,Daily,Burger,16
Simran,F,Delhi,Monthly,Burger,93
Arjun,F,Patna,Never,Burger,45
Tina,F,Hyderabad,Once,Dosa,36
Kiran,F,Kolkata,Daily,Samosa,39
Sneha,M,Delhi,Once,Momos,93
Swati,M,Delhi,Daily,Vada,78
Tina,M,Kolkata,Monthly,Chowmein,45
Ravi,F,Noida,Daily,Pasta,58
Arjun,F,Hyderabad,Once,Noodles,85
Rajiv,M,Bangalore,Monthly,Sandwich,41
Arjun,F,Patna,Daily,Coffee,96
Rahul,F,Kolkata,Monthly,Juice,30
Nitish,M,Patna,Monthly,Pav Bhaji,53
Pooja,M,Patna,Monthly,Pav Bhaji,87
Aman,M,Delhi,Monthly,Noodles,8
Vikram,F,Chennai,Daily,Chowmein,60
Aman,F,Patna,Daily,Momos,93
Pooja,F,Noida,Never,Rolls,35
Rahul,F,Patna,Daily,Samosa,95
Pooja,F,Patna,Never,Burger,60
Anu,M,Chennai,Weekly,Biryani,95
Tina,F,Mumbai,Weekly,Juice,57
Simran,F,Hyderabad,Once,Paneer,88
Rahul,M,Kolkata,Daily,Noodles,39
Rajiv,F,Jaipur,Never,Rolls,91
Ishita,F,Hyderabad,Monthly,Dosa,45
Ishita,F,Bangalore,Once,Momos,78
Neha,F,Pune,Never,Vada,19
Ravi,F,Kolkata,Daily,Biryani,87
Rajiv,F,Jaipur,Weekly,Pav Bhaji,97
Megha,F,Gurgaon,Monthly,Rolls,14
Mukku,F,Bangalore,Never,Chowmein,27
Rahul,F,Noida,Never,Pav Bhaji,36
Arjun,F,Gurgaon,Weekly,Tea,12
Megha,F,Hyderabad,Monthly,Vada,87
Mukku,F,Chennai,Monthly,Tea,58
Mukku,F,Noida,Monthly,Coffee,38
Aman,M,Hyderabad,Monthly,Biryani,24
Ishita,F,Kolkata,Once,Juice,30
Tina,F,Delhi,Once,Dosa,6
Anu,M,Gurgaon,Daily,Ice Cream,67
Simran,F,Mumbai,Weekly,Momos,81
Nitish,F,Mumbai,Daily,Burger,34
Anu,M,Kolkata,Weekly,Chowmein,57
Neha,M,Pune,Never,Vada,10
Megha,F,Noida,Daily,Chowmein,73
Mukku,M,Bangalore,Never,Burger,90
Mukku,F,Gurgaon,Monthly,Samosa,30
Aakash,F,Pune,Never,Rolls,35
Rajiv,M,Gurgaon,Once,Noodles,92
Anu,M,Chennai,Weekly,Juice,51
Nitish,M,Pune,Never,Coffee,84
Swati,F,Gurgaon,Daily,Pav Bhaji,8
Ravi,M,Jaipur,Once,Pasta,78
Aakash,M,Delhi,Weekly,Burger,60
Ravi,F,Kolkata,Weekly,Coffee,41
Aakash,F,Hyderabad,Once,Momos,23
Vikram,M,Delhi,Weekly,Chowmein,58
Tina,M,Mumbai,Once,Pav Bhaji,50
Kiran,F,Noida,Monthly,Burger,13
Neha,M,Pune,Once,Momos,16
Pooja,F,Gurgaon,Never,Sandwich,5
Anu,F,Patna,Monthly,Coffee,98
Rahul,M,Kolkata,Never,Chowmein,43
Pooja,F,Bangalore,Monthly,Burger,36
Aman,F,Noida,Once,Chowmein,55
Aakash,F,Gurgaon,Once,Burger,15
Tina,M,Noida,Weekly,Sandwich,25
Sneha,F,Kolkata,Monthly,Samosa,60
Nitish,M,Chennai,Never,Burger,17
Vikram,F,Gurgaon,Weekly,Samosa,22
Rahul,F,Noida,Never,Salad,92
Sneha,M,Noida,Once,Momos,14
Aakash,F,Hyderabad,Daily,Vada,61
Ishita,F,Pune,Monthly,Biryani,76
Pooja,F,Jaipur,Daily,Chowmein,40
Megha,M,Chennai,Never,Pav Bhaji,78
Pooja,M,Pune,Weekly,Pav Bhaji,94
Sneha,F,Kolkata,Once,Pizza,93
Mukku,F,Bangalore,Monthly,Vada,68
Mukku,F,Delhi,Daily,Tea,49
Aman,M,Jaipur,Weekly,Pav Bhaji,97
Aman,M,Patna,Daily,Dosa,16
Megha,M,Noida,Daily,Biryani,56
Suri,M,Kolkata,Never,Paneer,83
Sneha,M,Mumbai,Once,Vada,93
Arjun,F,Patna,Daily,Fries,68
Anu,M,Patna,Monthly,Pasta,59
Neha,M,Noida,Weekly,Biryani,57
Mukku,F,Kolkata,Weekly,Burger,73
Megha,M,Jaipur,Once,Fries,28
Mukku,F,Jaipur,Monthly,Noodles,90
Neha,F,Jaipur,Daily,Salad,73
Sneha,F,Chennai,Once,Dosa,41
Aman,F,Bangalore,Monthly,Vada,87
Kiran,M,Hyderabad,Never,Pav Bhaji,90
Pooja,F,Delhi,Weekly,Chowmein,84
Sneha,F,Pune,Monthly,Burger,87
Neha,M,Chennai,Never,Momos,60
Swati,M,Delhi,Monthly,Ice Cream,40
Aakash,F,Noida,Weekly,Tea,59
Aman,M,Mumbai,Weekly,Pasta,57
Nitish,M,Delhi,Weekly,Momos,94
Pooja,M,Jaipur,Daily,Burger,26
Swati,M,Mumbai,Daily,Pav Bhaji,30
Megha,F,Hyderabad,Monthly,Paneer,85
Sneha,F,Patna,Never,Tea,76
Sneha,F,Patna,Once,Momos,23
Ravi,F,Chennai,Daily,Pasta,87
Swati,M,Patna,Monthly,Sandwich,20
Aman,F,Pune,Monthly,Biryani,58
Simran,M,Jaipur,Once,Biryani,40
Neha,F,Jaipur,Monthly,Juice,15
Ravi,F,Delhi,Never,Rolls,18
Sneha,F,Hyderabad,Monthly,Vada,85
Simran,M,Delhi,Monthly,Pav Bhaji,81
Sneha,F,Jaipur,Weekly,Tea,66
Ravi,F,Jaipur,Monthly,Ice Cream,13
Tina,M,Kolkata,Weekly,Juice,72
Aman,F,Gurgaon,Weekly,Burger,76
Aakash,F,Noida,Once,Pizza,79
Aman,F,Hyderabad,Never,Juice,74
Megha,M,Delhi,Monthly,Coffee,40
Rajiv,M,Pune,Weekly,Salad,67
Kiran,F,Patna,Never,Chowmein,98
Ishita,M,Bangalore,Once,Juice,53
Nitish,F,Bangalore,Daily,Fries,25
Sneha,F,Patna,Never,Momos,47
Simran,M,Gurgaon,Once,Fries,76
Suri,F,Jaipur,Daily,Pizza,57
Megha,F,Noida,Weekly,Juice,31
Pooja,M,Patna,Once,Chowmein,22
Megha,M,Patna,Never,Vada,13
Neha,F,Hyderabad,Daily,Ice Cream,97
Neha,M,Mumbai,Never,Paneer,92
Pooja,M,Noida,Monthly,Salad,83
Simran,F,Patna,Monthly,Tea,7
Tina,M,Bangalore,Monthly,Noodles,88
